url_path,views_total,views_unique
/christineklli/global-yield-impacts,15,14
/christineklli/global-yield-impacts/blob/main/processed/agimpacts_final.csv,5,1
/christineklli/global-yield-impacts/tree/main/data,4,2
/christineklli/global-yield-impacts/tree/main/processed,3,1
/christineklli/global-yield-impacts/blob/main/data/Food security data/crop_concordance.csv,1,1
/christineklli/global-yield-impacts/blob/main/data/Food security data/iamc_db.xlsx,1,1
/christineklli/global-yield-impacts/blob/main/data/co2_annmean_mlo.csv,1,1
/christineklli/global-yield-impacts/commits/main/data,1,1
/christineklli/global-yield-impacts/tree/main/data/CMIP5 data,1,1
/christineklli/global-yield-impacts/tree/main/data/CMIP6 data,1,1
